sentence,label
I would like to request your assistance.,formal
Please be advised that the meeting is scheduled for Monday.,formal
Kindly confirm your availability at your earliest convenience.,formal
I am writing to inform you about the recent developments.,formal
Your prompt response would be greatly appreciated.,formal
I respectfully request your consideration of this matter.,formal
Please find attached the required documents for your review.,formal
I would appreciate your guidance on this issue.,formal
It is my pleasure to inform you of your selection.,formal
We regret to inform you that your application was unsuccessful.,formal
I am pleased to present the quarterly report for your review.,formal
Please ensure all documents are submitted before the deadline.,formal
I would like to schedule a meeting at your earliest convenience.,formal
Your cooperation in this matter is highly appreciated.,formal
I wish to bring to your attention the following concerns.,formal
Please accept our sincerest apologies for the inconvenience.,formal
I am writing with reference to your recent inquiry.,formal
We would like to extend our gratitude for your continued support.,formal
Please note that all communications must go through official channels.,formal
I hereby confirm receipt of your correspondence dated yesterday.,formal
It is imperative that all staff adhere to the new guidelines.,formal
We request your immediate attention to this urgent matter.,formal
Please be informed that the office will be closed on Friday.,formal
I would like to express my sincere appreciation for your efforts.,formal
Pursuant to our discussion I am forwarding the relevant documents.,formal
Please review the attached proposal and provide your feedback.,formal
I am honored to accept this position within your organization.,formal
We kindly request your presence at the annual general meeting.,formal
I would like to formally introduce our new team member.,formal
Please be reminded that payment is due by end of month.,formal
Your expertise and guidance have been invaluable to our team.,formal
We are pleased to announce the launch of our new services.,formal
I wish to inquire about the status of my pending application.,formal
Please ensure that all required signatures are obtained beforehand.,formal
We strongly recommend adhering to the prescribed safety protocols.,formal
I am forwarding this email for your kind attention and action.,formal
Please acknowledge receipt of this communication at your earliest.,formal
We would like to invite you to attend our upcoming seminar.,formal
I request your permission to proceed with the proposed changes.,formal
Please note that unauthorized access to this system is prohibited.,formal
I am delighted to inform you of our recent achievement.,formal
We appreciate your patience while we process your request.,formal
Please submit your report by the specified deadline without fail.,formal
I would like to draw your attention to the attached memorandum.,formal
We are committed to providing the highest quality of service.,formal
Please ensure compliance with all applicable regulations and policies.,formal
I am available for a meeting at your preferred time and date.,formal
We respectfully request your consideration of our proposal.,formal
Please be assured that this matter will be handled with priority.,formal
I look forward to your favorable response at the earliest.,formal
Your valuable feedback has been noted and will be acted upon.,formal
We hereby notify you of the changes to the terms and conditions.,formal
Please arrange for the necessary approvals before proceeding further.,formal
I am grateful for the opportunity to present our services to you.,formal
We sincerely apologize for any inconvenience this may have caused.,formal
Please confirm your attendance by responding to this message.,formal
I wish to formally register my concern regarding this situation.,formal
We request that all employees maintain professional conduct at all times.,formal
Please be informed that further details will be communicated shortly.,formal
I would like to propose a collaborative approach to this project.,formal
We are writing to follow up on our previous correspondence.,formal
Please direct all inquiries to the designated point of contact.,formal
I am pleased to confirm the arrangements as discussed.,formal
We would be grateful if you could provide the required information.,formal
Please note that this decision is final and binding.,formal
I am reaching out regarding the matter discussed in our last meeting.,formal
We look forward to establishing a mutually beneficial relationship.,formal
Please ensure that all team members are briefed on the new policy.,formal
I hereby submit my resignation with immediate effect.,formal
We are committed to resolving this matter as soon as possible.,formal
Please review and sign the enclosed agreement at your convenience.,formal
I am following up on the request submitted earlier this week.,formal
We would like to confirm the details of your upcoming appointment.,formal
Please arrange to have the required resources allocated immediately.,formal
I trust this message finds you in good health and high spirits.,formal
We respectfully decline your offer at this point in time.,formal
Please provide the necessary documentation to support your claim.,formal
I am writing to express my interest in the advertised position.,formal
We are pleased to confirm that your order has been processed.,formal
Please refrain from sharing confidential information with unauthorized parties.,formal
I would like to request an extension on the submission deadline.,formal
We appreciate your understanding and cooperation in this regard.,formal
Please be advised that the terms of the agreement remain unchanged.,formal
I am enclosing herewith the relevant documents for your perusal.,formal
We wish to assure you of our continued commitment to excellence.,formal
Please acknowledge this notice and respond accordingly.,formal
I am writing to update you on the progress of the project.,formal
We would appreciate your prompt response to this inquiry.,formal
Please ensure that all necessary preparations are completed in advance.,formal
I am honored to have been considered for this prestigious award.,formal
We kindly request that you refrain from making changes without approval.,formal
Please be informed that the deadline has been extended by one week.,formal
I wish to formally acknowledge the outstanding contribution of our team.,formal
We are delighted to announce a new partnership with a leading firm.,formal
Please direct all future correspondence to the address provided.,formal
I am writing to seek clarification on the recent policy changes.,formal
We would like to assure you that your concerns have been noted.,formal
Please maintain confidentiality regarding the matters discussed herein.,formal
I am grateful for your continued trust and support.,formal
We request your cooperation in ensuring a smooth transition.,formal
Please confirm the final arrangements before the scheduled date.,formal
Hey wassup dude!,informal
gonna be late sry lol,informal
wanna grab lunch tmrw?,informal
omg that is so cool!,informal
brb gotta finish this thing,informal
lol what even is this,informal
u coming to the party tonight?,informal
bro this is hilarious,informal
ngl i am kinda tired today,informal
cant believe that just happened lol,informal
dude seriously what the heck,informal
yo did u see that?,informal
honestly same tho,informal
ugh i hate Mondays so much,informal
tbh i dont even care anymore,informal
haha that is literally me everyday,informal
wait what just happened?,informal
ok so basically here is the thing,informal
imma just say it coz why not,informal
this is lowkey the best thing ever,informal
no cap this is actually fire,informal
bro chill it is not that deep,informal
lmao ok i did not expect that,informal
bestie u ok?,informal
aight bet see u there,informal
nah i am good thanks tho,informal
fr fr this hits different,informal
slay ok we are doing this,informal
vibes only today no stress,informal
ok but why is this so funny tho,informal
deadass this is wild,informal
u up? need to talk,informal
just woke up what did i miss,informal
this day is not it chief,informal
poggers that was amazing,informal
lowkey kinda nervous ngl,informal
wya? we are all waiting,informal
that is such a mood honestly,informal
ok but hear me out tho,informal
sheesh that was unexpected,informal
my bad forgot to tell u,informal
periodt we love to see it,informal
hits different when u think about it,informal
big yikes from me on that one,informal
no way this is actually happening,informal
sending good vibes ur way bestie,informal
ok i am screaming right now,informal
tell me u saw that too,informal
chile anyways so moving on,informal
catch u on the flip side,informal
this slaps hard not gonna lie,informal
ok but that is actually facts tho,informal
u already know what it is,informal
we move on nothing to see here,informal
that really said what it said,informal
ok bestie we been knew this,informal
gonna need coffee for this one,informal
oof that hurts to read lol,informal
well that escalated quickly,informal
not me being dramatic again lol,informal
ok so i have a confession,informal
plot twist nobody saw coming,informal
and i oop said what i said,informal
respectfully i disagree with that,informal
this is giving me anxiety ngl,informal
we love a good glow up moment,informal
ok that is actually pretty wholesome,informal
not gonna lie kinda slapped,informal
living my best life rn honestly,informal
this is the highlight of my week,informal
ok i need to sit down for this,informal
wait that is actually genius tho,informal
my heart said yes but my brain said no,informal
ok but why does this make sense,informal
throwing my whole day away lol,informal
this is exactly what i needed today,informal
ok we are not going to talk about it,informal
and that is on periodt bestie,informal
genuinely cannot stop laughing rn,informal
this broke my brain a little,informal
ok so here is what happened,informal
not the plot twist we needed,informal
love that journey for u honestly,informal
ok i am not gonna lie that slapped,informal
we been knew but ok sure,informal
that is so real and i felt that,informal
ok moment of silence for that one,informal
not me crying over this again,informal
ok so we are doing this now huh,informal
that is actually lowkey impressive tho,informal
ok i lied i am a little impressed,informal
sending u love and good energy,informal
ok that is it that is the tweet,informal
not the villain arc we wanted,informal
ok i need everyone to calm down,informal
this gave me secondhand embarrassment,informal
ok but we still love u tho,informal
that is the funniest thing i have seen,informal
ok i am choosing peace today,informal
not me being the problem again lol,informal
we do not claim that behavior,informal
ok so that just happened i guess,informal